{"cameraMode":{"drawMode":0,"name":"Shaded","section":"Shading Mode"},"sceneLighting":true,"audioPlay":false,"sceneViewState":{"showFog":false,"showMaterialUpdate":false,"showSkybox":false,"showFlares":true,"showImageEffects":true,"showParticleSystems":true},"in2DMode":false,"pivot":{"x":6.665863513946533,"y":-4.797980308532715,"z":9.133440017700196},"rotation":{"x":0.2731154263019562,"y":0.350141316652298,"z":-0.10750536620616913,"w":0.8895232677459717},"size":18.265199661254884,"orthographic":false}