{"cameraMode":{"drawMode":0,"name":"Shaded","section":"Shading Mode"},"sceneLighting":true,"audioPlay":false,"sceneViewState":{"showFog":false,"showMaterialUpdate":false,"showSkybox":false,"showFlares":true,"showImageEffects":true,"showParticleSystems":true},"in2DMode":false,"pivot":{"x":2.1963694095611574,"y":-9.62958812713623,"z":6.948902130126953},"rotation":{"x":0.49638232588768008,"y":0.24181793630123139,"z":-0.14623701572418214,"w":0.8208187818527222},"size":42.15966796875,"orthographic":false}